customer_name,state,age,gender,salary,total_invested
Guglielma Ripper,SC,22,M,23036.64,27801.45
Linc Mainson,TO,27,M,16192.56,32110.58
Loren Birwhistle,RJ,56,M,16053.01,34390.72
Clarie Robinet,PE,70,M,45925.22,81220.68
Brenden Josling,SE,67,F,24378.72,150108.87
Maridel Grieve,RN,26,M,34786.91,148320.59
Horatia Rhodef,AC,35,F,11592.58,59605.89
Averil Vauter,AL,61,F,13023.87,104986.88
Archie Gilardone,GO,36,M,14055.89,71173.39
Stillmann Clarkson,SC,44,F,19233.56,75734.48
Jordan Vala,MA,52,F,23003.66,74194.47
Marje Kelle,AM,27,F,23310.06,184505.17
Elisha Wharton,MT,61,F,31624.38,50581.38
Mahmoud Alejo,PI,33,M,20640.4,166980.02
Adriano Harradence,TO,56,F,28243.5,130421.02
Henri Stroulger,PR,66,M,31207.56,21912.08
Aurea Gilmour,SC,28,M,48018.92,152897.52
Joni Bagby,TO,55,F,27300.88,54555.24
Dani Parratt,SP,40,F,44300.23,66538.53
Rosemaria Baly,AP,68,M,15603.56,38560.03
Melli Le Grand,DF,53,F,17206.89,58467.73
Brewer Mapowder,RN,26,M,1375.14,168440.49
Nissy Brainsby,PB,29,M,32797.64,112732.33
Hayward Lamperti,AC,67,F,16399.07,135988.01
Minerva Robertazzi,RJ,22,F,48753.34,125656.54
Melissa Gibby,MT,33,F,22919.74,164077.15
Cyril Sline,RN,24,F,15651.19,107337.6
Patrica Heine,ES,28,M,48520.82,21456.45
Myrtie Brymner,TO,61,M,47056.59,117995.44
Willamina Luparti,MT,51,M,47916.58,3028.23
Nedda Lanfear,RR,47,M,15841.45,162707.18
Wilmette Sharphurst,MA,52,M,13582.57,83575.99
Wandis Battrick,PR,57,M,47451.7,47315.68
Terra Condliffe,PA,26,F,47620.07,117101.01
Blakelee Styles,AP,60,F,13482.74,191006.46
Elliott Wincer,MS,63,M,40443.48,114541.09
Maxi Yegorov,MT,46,M,31710.98,55297.57
Mandi Justham,RS,61,M,33744.38,124767.62
Lock Commander,AM,23,M,11766.47,122091.45
Terrye Spall,MS,28,F,43770.64,13288.41
Nestor Milverton,RO,41,M,46378.48,133378.88
Dido Kemery,MA,65,F,25323.92,198232.89
Britni Bortoluzzi,SP,70,M,43432.89,54500.77
Fabian Matevosian,AC,67,M,12911.56,8794.3
Carolann Massingberd,PR,51,F,29814.63,130150.22
Trumaine Leftbridge,SE,35,F,6305.32,111480.34
Mariann Doorly,AC,18,M,21174.25,137722.04
Julieta Vogele,PI,65,M,39066.38,170392.64
Goober Grubb,MS,43,F,27948.3,23857.01
Gwyn Skeats,GO,25,F,2236.0,52153.21
Linnell Franzettoini,SE,55,F,47900.33,79238.6
Cherish Fiddian,SE,66,M,13171.56,143265.78
Elysia Zebedee,MS,42,F,12358.37,91704.18
Kimberley Bonnick,RN,57,F,35263.64,29260.75
Paolina Maciaszczyk,BA,29,F,24510.87,4706.22
Catarina Iglesiaz,AL,46,F,1391.09,65662.56
Kilian Illiston,PA,62,M,46757.45,134446.9
Phaidra McMinn,PE,30,F,7883.62,172522.7
Rob Ferrey,SE,31,M,42089.63,84521.68
Petrina Chandler,MS,55,F,8690.54,51401.21
Wittie Sircombe,AM,37,F,20203.15,157894.5
Hy Hanbridge,DF,61,M,1602.49,37710.91
Shanon Wetherby,SP,43,F,46531.72,25344.97
Kingston Midghall,RS,55,F,17611.42,4908.07
Dedra Levene,PE,57,M,5501.43,67050.86
Alano Keays,RR,32,F,20489.43,73081.14
Yolande Skipping,RS,32,F,23360.04,13248.3
Tamiko Flannery,CE,37,M,16289.94,38438.53
Hatti Frosdick,SE,48,M,12312.13,176888.81
Tate Chastagnier,PE,27,M,9504.46,2973.56
Sterne Jeffries,MS,47,F,40937.7,48315.09
Vickie Billin,GO,27,M,42331.39,51648.79
Scottie Sweed,RJ,38,F,36262.01,148375.54
Carter Doodney,PA,58,F,13779.79,7733.46
Zsa zsa Bairstow,RS,50,F,23977.47,110736.81
Lucia Howick,AP,57,M,49003.24,104213.21
Deny Coughan,PB,41,M,37712.09,104742.53
Trix Galloway,AC,28,F,13949.09,186990.59
Alberto Edinboro,RR,61,M,15082.82,150443.51
Ralf Tebb,SC,44,F,29270.98,161227.21
Demetris Treat,AL,60,F,17877.42,120961.1
Leisha Glayzer,PI,64,M,46499.0,138276.75
Bryan Gillie,PA,47,M,32997.91,169029.19
Nerte Rizzardi,BA,48,M,16019.12,195234.44
Jeannette Edridge,MA,28,F,21921.43,134676.35
Gardie Roebuck,MA,52,M,17611.24,167609.73
Henrie Dieton,RN,66,M,15442.9,198902.2
Alyson Barritt,MG,30,M,16375.7,104299.76
Trueman Pattie,RS,38,M,15383.5,62142.43
Gibb Jorin,AL,49,F,8911.45,146106.38
Renelle Slavin,MA,50,F,8017.98,42855.73
Winslow Pilipets,PI,49,F,30477.42,45856.32
Reagan Mattinson,RR,59,F,7770.51,79954.63
Evangelina Buffham,DF,41,F,19087.95,171775.38
Germana Camplen,AP,70,M,44744.81,26755.1
Burke Tinto,RO,50,M,33425.11,158229.12
Temp Lindwall,CE,62,M,47072.06,9210.03
Darnell Le Brun,PR,22,F,39872.77,95131.95
Hyacinthie Bienvenu,PE,31,F,14406.25,116124.21
Ola Hordle,AL,66,F,14634.57,158987.56
Jacinthe Lucock,DF,69,M,10000.27,31900.17
Eugine Clemence,CE,18,M,7675.71,117236.4
Joela Brickstock,CE,26,M,20257.59,265.72
Sascha Kochel,CE,36,F,29067.66,17863.91
Lannie Harral,PA,26,F,41388.0,35114.58
Pansie McCaughey,MS,35,M,49937.79,157939.21
Camel Traves,BA,51,F,31833.26,37155.43
Grover Brimfield,PE,37,F,13980.67,105775.59
Elnar Rohan,RR,22,F,21810.47,117762.49
Davis Sizland,SP,37,M,39720.42,166626.63
Pen Bukac,DF,58,F,28045.04,194624.55
Casey Mancktelow,MG,22,M,10356.24,126043.69
Windham Rooper,MA,42,M,20407.3,171465.26
Katrina Beilby,RR,27,F,49348.93,177284.23
Bonnee Bedenham,PR,22,M,18225.03,121677.63
Alanson Franceschelli,SE,40,F,30006.7,199696.29
Waverley Cosley,RO,57,M,29330.09,103344.14
Regine Gosdin,PA,62,F,15911.93,104163.8
Corny Fradson,AL,33,F,12502.41,182932.96
Giralda McAdam,PE,55,F,7545.96,172365.24
Daloris Sneesby,ES,45,M,13261.98,141534.82
Maurise Jillings,PE,63,F,11219.72,56894.21
Darya Cosford,RJ,38,M,30800.23,43064.49
Umberto Scarlett,DF,18,M,22475.89,11370.07
Naoma Parlor,SP,28,F,46594.32,31149.59
Leisha Jerke,PA,41,F,46215.72,132723.25
Prudy Raulin,RN,18,F,39445.26,55996.39
Lindsay Dufoure,MG,26,M,31780.38,159646.42
Welsh Greet,MG,57,F,48201.96,132154.51
Henri Walton,PR,53,F,14663.31,83161.03
Zacherie Mulrooney,AP,24,F,23456.4,174710.08
Winna Verlinden,AC,28,F,21342.97,28004.14
Allix Reuble,PI,47,M,47853.34,148605.67
Auberon Letford,AP,49,F,8179.46,137418.61
Brittany Lenahan,PB,32,F,44009.99,130917.42
Alia Borrie,AC,41,F,48328.92,147768.11
Isaiah Lydster,SC,30,M,21211.89,93738.06
Ella Enrich,CE,20,F,22521.86,10925.29
Roland Vuitte,RN,45,M,39448.42,91361.13
Willey Bechley,AL,20,M,14469.81,47775.78
Gustave Carmen,AL,59,F,2941.57,111403.85
Sherill Ivakhno,AM,41,F,48686.89,136902.13
Cam Britten,PB,43,F,16042.19,67265.37
Dorris Peddowe,PE,34,F,38300.47,122042.4
Hymie Wrennall,SP,47,M,9471.49,83816.12
Wiatt Feehily,SE,61,F,18821.32,142395.15
Tamqrah Castan,AC,31,M,5244.72,50029.83
Kenny Follos,SE,30,M,25784.71,94982.17
Patten Brewett,MA,60,F,24627.59,94185.44
Gabby Roeby,BA,59,F,28481.92,173796.77
Fanchette Payn,PA,33,F,20486.79,96652.23
Otis Gorry,PI,27,F,47004.81,127132.14
Briant Marlen,RS,38,M,1328.44,65684.8
Gawen Darker,PE,36,F,25790.51,193867.04
Molli Polden,SE,45,M,16029.87,42710.67
Kary Toner,MA,43,F,5827.87,26880.47
Georgi Doughty,PR,18,M,43807.12,112222.3
Chrotoem Sercombe,RJ,52,M,44854.25,101277.16
Fawnia Atwel,SC,59,F,4341.72,148419.12
Darby Shovlar,RS,28,M,24478.88,7893.07
Saw Westwell,CE,53,M,20896.48,110368.52
Perle Biesty,TO,57,M,38245.71,32867.01
Kristofor Challen,DF,49,M,19803.69,134067.96
Babita Kurten,AL,43,F,34074.03,119022.0
Nicko Wilshaw,MT,44,M,2900.94,87062.17
Calypso Huddy,SP,67,M,41474.96,140701.79
Teddy Belfitt,MA,56,F,44135.89,27686.01
Lacey Harkes,MT,39,M,6291.35,26972.3
Theobald Costa,AL,39,F,4948.32,140382.09
Carlotta Lown,CE,31,F,42983.89,72906.98
Sofia McCarl,MG,42,F,39316.18,175437.71
Nicolas Allgood,PI,70,F,29203.97,17484.14
Shanie Repp,RR,34,F,23586.51,170019.14
Friederike Calendar,PE,33,F,5695.79,42581.03
Daryn Dikelin,PI,56,F,35938.17,175085.08
Leelah Fridaye,SC,58,M,11186.73,107934.72
Ikey Notman,AL,54,M,37816.55,178845.65
Donetta Searjeant,DF,33,F,42269.45,92501.2
Charin Mattheeuw,AM,57,M,3564.75,76879.89
Reinaldo Pharro,ES,65,F,31665.27,171614.88
Tobias Grabiec,TO,41,F,12289.33,54606.06
Roxi Kibbee,RJ,55,F,13846.72,24146.33
Shaina Pollastrone,RS,29,F,33991.47,145203.56
Taylor Buckell,SP,20,F,33104.67,104255.6
Danie Maciaszek,RN,64,M,23873.27,84738.52
Woodman Tack,AP,62,F,12840.5,33047.94
Harriot Leathart,BA,26,F,4021.66,144160.61
Aurel Bartrap,AM,70,M,14347.81,63668.38
Alan Shires,AL,56,M,32468.62,82700.88
Gerardo Bannon,ES,20,F,35472.01,52025.53
Hadlee Lavis,RJ,22,M,20746.41,148832.23
Leeann MacCorkell,MG,42,M,40678.19,100186.9
Katrina Shepherdson,RN,46,M,35506.05,189138.81
Drugi Roswarne,GO,20,F,49815.65,8712.6
Pavla Scholes,PB,50,M,43219.04,38300.07
Regina Rebanks,RN,68,F,1382.67,135622.86
Bernelle Menloe,CE,57,F,35020.68,107877.06
Anni Perton,RN,45,F,44377.85,70740.05
Giulia Tofpik,PA,68,M,41385.11,1865.55
Anitra Brewer,DF,24,F,23133.48,49867.86
Dollie Pedwell,MS,47,F,40047.67,36988.55
Aurora Hinkins,TO,67,M,8166.75,145053.39
Emmerich Ferrarotti,SE,65,F,1777.7,127317.76
Rora Fahy,RO,19,M,14521.01,138051.47
Salli Pasterfield,DF,57,M,3717.17,88254.69
Vinnie Fagence,MS,18,M,39410.85,38668.99
Hadleigh Silber,CE,48,F,8359.34,5492.9
Lana Raiker,MA,26,F,20592.53,14461.7
Teador Redwood,MG,32,M,36661.9,114741.81
Talbert Roser,MA,45,M,24040.11,145992.93
Elissa Joutapavicius,TO,38,M,24231.59,97182.66
Randy Tight,RN,60,F,26335.02,66820.58
Nealson Jablonski,SE,53,F,3590.27,106917.91
Nonah Winser,ES,22,M,49112.68,163511.98
Dorey Mitrikhin,AP,45,M,39305.14,109666.56
Nicolle Binton,RO,20,M,26436.94,40137.36
Cart Thurlbeck,BA,24,F,25619.7,155804.39
Dionne Bento,BA,37,M,48166.2,8801.52
Elsy Lune,SP,34,F,3558.56,41103.8
Mickie Ayrs,ES,19,F,10209.26,95872.92
Enrico Daout,CE,67,M,31596.68,90172.76
Candi Hedde,PI,60,F,39815.36,141817.87
Steffie Aps,MG,23,F,5885.54,104202.22
Kate Etter,SE,33,F,5140.52,25109.95
Phillipp Mathou,MT,25,M,23883.71,190675.42
Madonna Gallo,RJ,37,F,17402.31,70037.84
Hadlee Mendus,PI,41,M,43879.04,198528.77
Storm Chstney,PE,64,M,12989.12,30586.51
Winona Ruff,MG,63,M,35346.08,47763.67
Spence Swafield,TO,60,M,42420.29,184408.16
Clint Mulqueeny,AM,61,F,6651.26,90334.49
Goldia Dobbyn,RR,39,F,20601.18,175829.44
Wendi Swarbrick,RO,47,F,14773.14,107036.87
Madelene Girkin,PE,33,M,14069.42,140528.37
Nicolis Walkingshaw,RN,24,M,25298.36,76303.17
Edouard Kelinge,GO,31,M,24018.5,54359.73
Carleen Parkin,RR,64,F,14852.08,123083.75
Hedy Edger,SP,52,F,17589.74,127797.46
Vidovik Gehrels,CE,34,M,6421.46,25072.6
Drugi Cleaton,RS,66,F,29881.41,148147.69
Rosalyn Mounter,ES,46,M,49837.04,156444.12
Ben Rorke,SP,21,F,40520.5,2308.64
Heidi Pennacci,AL,41,M,21539.34,22289.75
Natassia Lavery,SC,48,F,22099.32,137886.89
Albert Cuthbert,SP,52,M,39640.08,146723.85
Joli Whetnall,GO,68,F,7992.22,196280.22
Hermione Dron,BA,61,M,19732.08,109507.18
Netty Maryska,MS,55,F,1804.81,157486.85
Manda Nester,RR,28,M,7098.6,5025.04
Tonia Meehan,SP,47,M,20825.55,18266.01
Carrissa Royal,TO,58,F,10345.03,104879.47
Avrit Wace,PA,18,F,29869.45,152109.95
Connie Kalf,MS,39,F,19532.64,158927.51
Midge Talmadge,MT,61,F,42435.23,58088.8
Millie Ruthven,GO,40,M,37112.21,3924.78
Nathanil Osmund,AL,31,M,30360.12,68308.97
Agnes Weld,RJ,55,F,10982.45,175146.68
Olympe Martinec,AP,67,F,39754.3,158396.89
Tailor Peteri,AM,63,F,11616.85,189388.04
Mari Blomefield,SC,51,F,16780.88,11863.27
Laural Glasper,BA,47,M,49211.6,181154.17
Lacey Venning,PE,43,M,18135.36,76293.18
Doreen Sebrook,RJ,51,M,38197.65,109354.27
Ingamar Fleeming,MS,21,M,49618.13,123104.64
Avie Mongan,CE,32,F,47953.76,53982.31
Lavinia Reignolds,TO,45,F,9101.77,25562.31
Carmencita Harlick,RS,63,M,24377.57,22965.14
Sheela Gedney,MG,23,F,47056.35,141453.81
Errol Wanek,RJ,66,M,26438.39,33354.95
Barnie Broschke,AC,64,F,22219.38,90343.12
Grethel Beggi,CE,60,F,25275.88,83633.39
Julius Moakler,SE,67,F,7522.09,108575.53
Gustavo Adnet,PB,62,F,25273.41,100461.65
Tome M'Chirrie,PB,29,F,37161.53,95768.56
Giacopo Squire,MG,66,F,20941.96,108001.54
Brinn Simoneton,RO,59,M,33922.1,88379.47
Hilda Stuckey,AM,20,M,27143.88,133681.26
Sadella Dowber,RN,47,F,45749.67,190613.34
Sisely Ruckman,RN,62,M,43273.68,98270.39
Ketti Skeene,PI,46,M,27505.67,19931.32
Tommi Zannutti,CE,66,M,23264.75,9183.37
Linell Crosscombe,PE,51,F,37677.88,23617.17
Hilton Praill,RN,64,F,36389.77,112984.71
Brigham Bernardin,PR,62,M,23232.81,173750.27
Aurora Kinzel,RN,46,M,23902.35,137591.61
Mark Mayhou,PB,58,F,36426.04,146595.54
Allan Archbould,PA,35,F,38204.45,193866.27
Danny Dow,MA,63,M,48092.53,98578.77
Clevie Conechie,MT,45,M,35032.07,181176.97
Roz Hallsworth,RJ,55,M,40578.65,171126.24
Shay Ogilvie,PA,33,F,16940.49,18442.35
Cassondra Prescote,RJ,69,F,14632.01,120753.26
Blancha Smowton,MG,41,F,15290.45,192211.54
Filippo Mungane,RO,20,M,11156.11,72623.29
Conny Habershon,DF,63,M,19917.41,127115.42
Kim Thornley,RO,19,M,16906.74,155792.03
Aloysius Tremble,MG,66,F,17894.97,165356.57
Ted Clacey,MG,39,M,11733.4,126501.58
Teodora Goody,SC,25,F,32188.45,96017.13
Katha Birchenhead,PR,68,F,29501.71,78909.25
Katrina Spragg,AP,37,F,21165.43,186359.65
Frederigo Finlaison,PA,24,M,24953.58,97351.57
Rosmunda Jewers,GO,25,F,30010.87,92642.77
Dodi Wevell,SP,57,M,19829.43,105829.65
Lenore Penniell,MS,28,F,31570.84,80684.87
Moe Adriano,PE,60,F,12219.89,70156.02
Colas Samuel,AL,32,M,34599.51,67431.8
Jean Dewhurst,AM,66,M,11405.32,184691.47
Leona Maitland,DF,39,F,36299.21,83064.98
Grata Paulin,PA,21,M,36583.96,38013.87
Issy Tomaello,MS,51,F,4157.36,73239.29
Mead Brocklehurst,MA,57,M,15075.09,143455.31
Elisabet Fraine,AP,56,M,25019.07,104567.38
Carroll Grane,MG,65,F,25112.92,125151.25
Kiele Lampart,PI,69,M,1264.38,16064.24
Kirstyn Gripton,AM,33,M,10769.46,198293.77
Elinor Benardette,AM,47,F,1575.38,118735.88
Vanessa Van der Mark,BA,45,F,44671.49,79681.41
Tamas Comar,AC,69,M,6818.39,44243.09
Liza Caldroni,PB,34,F,6678.17,132615.13
Phaedra Stiger,PR,33,F,23966.32,191933.24
Kristy Slesser,RJ,61,F,8101.07,30096.57
Riordan Vandenhoff,MT,36,M,19217.52,159938.41
Simeon Alexsandrev,RO,55,M,47305.08,137831.58
Jeth Derkes,AP,70,M,38386.96,155628.53
Vivia Vedeshkin,PA,18,F,35447.54,167614.33
Derick Waddicor,AL,59,F,5051.33,162710.05
Waite Farrer,DF,23,M,30319.55,69613.84
Somerset Dutson,MT,52,F,6757.78,63837.18
Beau Sprankling,SE,60,F,27654.95,156295.64
Lura Hollyer,PB,35,M,4780.31,193200.99
Minne Cattroll,RN,45,M,19338.38,21952.69
Kennie Phetteplace,BA,43,M,42300.16,23681.14
Matteo Bennike,PI,63,F,29471.77,134475.96
Genny Deller,RJ,36,F,19712.59,117089.37
Shelby Hartness,AP,60,F,24222.86,70766.18
Marlena Ramiro,AM,53,M,7509.94,29225.78
Nadine Levesley,DF,42,F,37372.4,172138.65
Delinda Chaperlin,PI,22,M,32275.09,176292.37
Odelinda Avent,MS,70,F,32095.19,198549.42
Archie Alexsandrovich,SE,32,M,19512.87,61447.17
Javier Lavelle,SP,22,F,46693.16,159370.56
Irving De La Coste,RS,57,F,8681.64,153352.76
Ayn Lailey,PA,26,F,14789.59,43140.97
Carola Sherbourne,AM,30,M,44435.3,43174.73
Pierrette Davion,PR,50,M,3129.88,57618.99
Barby Aleshintsev,MS,45,F,22540.27,177091.69
Aguistin Greggs,MA,32,M,48705.21,33058.78
Tris Derbyshire,ES,55,M,16143.78,77403.01
Germain Brame,AP,63,M,36561.61,138518.32
Brennan Wordsworth,MT,22,M,24379.23,40894.62
Justina Dooler,CE,18,M,22435.47,36410.03
Trevar Odger,RN,64,F,21608.09,51454.63
Teri Jacobovitch,PI,25,F,17109.18,31818.43
Baxy Mitchall,MG,63,M,39472.32,135144.43
Cleopatra D'Alesio,RO,54,M,34752.03,88965.34
Morganne Keelan,DF,50,F,8258.93,32203.92
Winne Lichtfoth,CE,27,F,47983.27,115201.84
Hube Nassau,RS,36,F,43906.81,180202.4
Erena Looby,AM,44,M,13599.19,192550.77
Marcia Phittiplace,SE,67,F,23141.13,38660.33
Sela Grevile,PB,26,M,26141.49,164386.58
Susette Dresse,AC,35,F,40801.79,22180.5
Wat Pendrill,RS,34,M,20800.37,95112.48
Lilyan Davson,TO,37,M,10599.56,129048.66
Anna-maria Dodridge,SE,54,F,47879.83,43943.52
Conrade Blacklidge,RN,59,F,6963.53,123957.93
Hartwell Dionisetto,SE,26,M,8463.42,30769.53
Emylee Rickersy,RJ,24,M,27712.98,191982.54
Edith Pettifor,MA,19,F,24407.87,35316.82
Kristine Godber,MS,51,M,21902.55,124666.08
Grier Thorneywork,AM,58,F,2599.73,155138.15
Francyne Antonin,SC,22,F,46677.31,59810.66
Harp Halvorsen,MT,70,M,15921.95,194678.94
Eal Winman,PA,22,F,8373.48,161775.38
Lombard Tirone,CE,27,F,26528.68,180232.84
Granville Igounet,SP,44,M,46056.1,84679.04
Gaby Mcasparan,CE,58,F,32122.78,39483.76
Curcio Kail,AL,68,M,34760.96,84435.14
Agace McClinton,SP,45,M,1870.29,125070.25
Mandie Douthwaite,PI,65,M,10828.13,98789.9
Nerte Lygo,ES,52,F,34318.51,152249.06
Aurthur Feild,PA,58,F,11370.6,113784.88
Sydelle Handrok,RR,33,F,10301.21,105299.43
Sibella Ensley,CE,63,M,16304.59,89175.95
Rene Soro,ES,37,F,21082.99,163988.83
Lynett Loveman,MA,19,F,39187.63,108486.67
Aggie McConway,PA,70,F,23460.98,68084.38
Gunther Batchelour,AL,55,M,32831.51,84036.49
Gwyneth Balasini,AP,54,F,27584.64,188592.49
Deni Cashin,AM,33,M,20116.81,1960.15
Brooke Badsworth,AL,67,M,20353.97,18275.54
Taffy Bercher,CE,57,M,36711.82,48413.85
Timmy Chippin,PI,35,M,46040.26,43326.62
Jaymie Taffs,GO,64,M,11670.89,145043.06
Andreas Nathan,TO,23,F,49994.59,131320.09
Latrina Margeram,TO,43,F,6252.44,135709.51
Juli Harbisher,RR,38,F,37464.11,186500.08
Mitch Manlow,RO,58,F,11361.82,14946.04
Robin Semered,AP,34,F,23209.15,56803.22
Morse Dowling,MG,56,M,19500.01,118817.84
Saloma Ahlin,GO,21,F,12184.94,18889.56
Marnie Renackowna,PI,28,M,3114.26,119288.73
Maxy Cohr,MA,19,M,32996.68,156298.24
Roarke Durban,AP,45,M,5509.03,34052.33
Jeniece Jozef,RR,62,M,19669.57,58669.03
Gladys Corby,SC,33,F,37974.79,123896.3
Jeffy Statter,PB,20,F,2488.41,129907.34
Shari Dumberell,AC,68,M,19770.29,16024.82
Rodger Flay,RN,48,M,46569.04,99454.28
Loy Mishaw,AP,67,M,26184.75,1659.9
Hallie Milmoe,TO,56,M,48084.86,73265.07
Noell Banbrick,MA,70,M,37282.71,37083.56
Vittorio Dymond,AL,62,F,33930.29,89954.41
Roderick Britt,MG,50,M,31889.02,33060.36
Eduino Wadham,AM,53,M,36195.49,105447.41
Tam Treadgear,MG,30,M,19728.7,110922.61
Ashla Flight,MT,47,M,20720.91,64435.21
Iolanthe Bowers,PB,27,F,35768.4,127381.34
Mart Rushbrooke,ES,57,F,49283.9,121232.86
Evey Bentinck,AL,43,F,27274.01,169516.91
Octavia Penreth,CE,68,M,42706.34,190538.57
Tamarah Clemmey,RR,51,M,15511.04,191927.82
Hymie Frunks,AL,63,M,5415.34,191531.48
Bud Primak,SC,27,M,12642.36,199580.69
Gabie Cripps,GO,22,F,16936.79,7885.66
Glenden Casbourne,MG,40,M,36808.85,114119.71
Daven Mosconi,RJ,62,F,19140.73,112210.27
Isabel Kinsey,ES,38,M,18134.73,84173.56
Arni Seedhouse,RO,30,M,39671.79,163687.75
Bobby Penhallurick,RS,59,F,14176.71,90436.86
Wendie Noddles,MG,60,F,27413.4,171537.59
Weider Prandoni,PA,60,M,21630.21,166759.27
Opaline Isakov,AM,18,F,4473.08,194069.84
Malynda Twallin,MS,42,F,11357.55,77924.7
Drucie Harrod,MG,68,F,11974.81,121192.92
Kikelia Gouthier,TO,70,M,4837.88,42969.09
Bondon Feasby,MT,53,M,25717.81,3253.43
Kyla Blasdale,RN,33,M,33967.42,11092.9
Morse Hulatt,AL,49,M,17023.31,171552.98
Jonas Banton,MS,67,F,38594.78,32737.48
Ansell Carncross,PA,22,M,19960.04,27383.98
Clive Farrington,RO,18,F,26573.87,15815.68
Ripley Brinson,ES,31,F,11960.54,44048.29
Elfie Farquharson,RJ,23,F,11592.39,66115.57
Bearnard Beton,RO,32,F,45487.68,916.87
Lenna Pilch,BA,32,F,13509.59,182901.35
Dora Gunda,PR,51,F,44704.39,4950.3
Betty Hackford,SP,67,M,6629.4,133174.22
Delilah Greenrde,PI,49,F,19803.92,64401.49
Ellie Dummigan,AL,54,F,1904.56,170205.92
Katherine Accombe,SP,65,M,29639.1,112101.59
Conan Frontczak,PI,61,F,1381.48,83020.64
Myrtie Micah,SE,18,M,2794.82,196438.21
Zita Lanbertoni,DF,51,M,35840.83,158367.0
Lester Basilone,AC,57,M,41501.43,79550.25
Caddric O'Bradden,CE,25,M,14852.2,35462.41
Inness Hasely,SE,38,M,27759.35,67188.18
Wylie Horbart,RS,57,F,18102.7,99040.63
Brandyn Lydiatt,RJ,54,M,36448.35,135951.53
Norby Walkey,DF,51,F,31818.65,167900.98
Tarah Alonso,CE,69,F,3551.8,128766.95
Vincenz Swanson,MT,38,M,47208.19,4232.01
Maxy Tolle,MS,69,F,16653.02,174472.99
Abigale Cicullo,SP,44,M,19111.1,148987.81
Mora Daspar,AL,24,F,9830.54,166163.07
Niall Pellitt,RS,57,F,37250.93,8662.28
Jan Swetland,AC,52,M,47883.71,183069.34
Christoph Kidder,GO,56,M,21545.51,42391.81
Cy Iannelli,PB,30,F,23928.8,129862.38
Freedman Abrahamsson,PR,41,M,33656.83,155509.54
Mel Mervyn,GO,30,M,2296.52,80971.93
Cobbie Lovie,RS,26,M,42972.52,185182.88
Berty Josowitz,ES,25,F,1221.13,142781.54
Russell Morfield,AC,56,F,20308.01,77611.98
Tammie Hardwidge,PA,42,M,29992.38,193561.87
Tamas Edney,AC,35,M,20085.9,115837.31
Trev Kinker,PI,21,F,39475.98,69567.75
Dagny Jollie,SE,42,F,40791.42,104958.59
Wat Barbey,RO,18,F,20637.51,2134.18
Lin Heartfield,PA,20,F,18681.62,17626.49
Lisette Twydell,CE,53,F,17849.56,81378.28
Avictor Pallin,PI,45,M,9632.49,168253.0
Brenda Resun,BA,38,F,45137.05,43216.4
Imelda Mouton,DF,65,M,30123.24,42674.17
Rea Craft,RR,28,F,17327.23,37404.45
Adeline Wasson,SC,27,F,46889.11,116701.18
Tiena Francombe,MS,49,M,2274.75,83746.79
Melli Haward,TO,52,M,18217.4,41373.31
Tybalt Hambidge,MA,61,F,10658.82,171402.63
Georgetta Bisacre,CE,31,M,8832.64,119010.79
Vittorio Murty,DF,19,F,2281.28,140030.08
Cathlene Djorevic,AP,48,M,36409.29,83172.85
Tull Polotti,SP,66,M,45060.44,64315.32
Ira Chugg,PB,19,F,7812.28,2608.5
Cornela Pirdy,AC,49,M,34536.73,101482.57
Donielle Habershaw,BA,24,M,40408.06,169309.56
Brandais Clearley,MG,62,M,41570.72,20902.54
Vivianna Amthor,AC,39,F,27780.02,179856.71
Kelvin Boaler,RS,58,M,21500.55,123669.15
Gayla Rayman,RS,24,F,48312.21,23738.87
Margo ffrench Beytagh,RO,32,F,38257.82,48622.18
Andonis Lambard,PB,51,M,30551.68,190979.77
Dominick Patrie,RJ,56,M,16054.84,7961.8
Emilie Rallings,PI,53,F,15620.18,185250.29
Barb Lyenyng,RN,30,F,41988.36,157559.07
Verney Mousley,SE,39,M,24456.89,56853.5
Hephzibah Timpany,TO,64,M,42245.69,160617.29
Matteo Caherny,PI,28,F,47231.09,168741.59
Edwin Tompkin,PI,32,F,25261.11,145366.56
Carly Terbrug,AM,58,M,42190.98,182806.04
Diann Worsnop,PI,66,F,37161.16,134375.79
Reggis Bendixen,SP,21,F,15107.69,163263.41
Conny Rawlison,SC,51,M,25128.76,23790.47
Mela Collacombe,PA,31,M,45800.15,55877.22
Rutter Heims,SE,50,F,45888.39,50458.76
Vanni Tinmouth,PI,18,F,48202.81,106338.55
Selby Wisher,AM,29,M,33405.47,52010.99
Nettle Burnell,SE,61,F,4225.12,169357.75
Fee Top,DF,70,M,16901.16,189208.55
Tadeo McKerton,GO,21,F,49323.22,176433.31
Abey Fishleigh,SE,47,M,14686.8,18520.25
Kiersten Sheircliffe,SC,51,F,3944.14,36856.24
Alice McKeran,RN,28,M,21153.52,28745.05
Linell Edleston,SE,22,M,46265.57,148236.66
Broderic De Bellis,PB,57,F,11396.9,163355.85
Ham Vela,MS,23,F,48185.44,118740.2
Tanhya Brandom,MA,43,F,18843.02,159886.45
Clare Pitfield,AM,56,M,12973.27,181204.82
Thaddeus Hugland,AC,52,M,45880.63,148761.11
Kip Caccavari,TO,60,F,27536.9,36156.04
Ara Bareham,RS,20,F,32420.31,165729.47
Ethel Stroband,RN,69,F,10432.8,102612.76
Walther Haggarth,DF,56,F,29759.5,14614.21
Bethena McColl,TO,22,F,18149.67,136744.4
Georgie Dod,BA,46,M,1422.13,94995.61
Suzie Lobley,PI,63,F,25159.22,42321.95
Waverly Mursell,PI,63,F,41335.34,66822.35
Sonny Debrick,AL,64,M,40849.82,6383.26
Serene Davydkov,SP,29,F,35360.6,188798.65
Avictor Charlon,PI,26,M,6812.41,11506.09
Georas Oliva,PI,42,F,10871.32,63248.47
Arty Hirth,DF,55,F,25618.07,63153.49
Napoleon Hawlgarth,AC,54,M,32343.57,44676.68
Inglebert Molineux,RJ,51,F,6838.05,43046.04
Madalena Habishaw,TO,47,M,23166.35,152976.96
Pippa Wittey,AM,28,M,36259.85,132684.41
Feodor Boldt,AM,27,F,26300.24,21096.52
Graig Ivanikhin,SP,33,M,32527.44,50294.84
Mord Haye,PB,70,M,37486.59,115593.32
Stacie Wharf,BA,37,M,10230.29,60007.64
Dotty Devonside,TO,27,M,16409.6,44565.05
Si Flacknell,DF,36,F,39448.54,160624.52
Alwin Dimsdale,AM,65,F,46344.39,100855.87
Josephina Vasenkov,PA,30,F,33548.37,39205.56
Josephine Bowra,PE,33,F,18592.84,79922.37
Leila Anster,SP,22,F,20649.87,8346.04
Merrill Treherne,MT,70,F,43976.54,110692.45
Fitzgerald Thebes,AM,25,M,8873.06,99022.25
Sigvard Hovenden,PA,22,M,42839.6,102665.06
Marillin Urwin,MG,26,F,5338.86,152079.14
Dougy Sallinger,CE,60,F,34591.81,4918.92
Prue Pulver,GO,55,F,2978.8,72638.29
Theresita Mc Andrew,SC,18,F,20584.36,97335.52
Farris Plunkett,TO,48,M,43270.5,40084.56
Weber Vegas,RJ,69,F,32324.96,148547.06
Wyndham Gauford,DF,53,M,2519.73,69925.85
Fritz Larciere,PR,56,M,8154.71,119890.13
Alane Hoggetts,PA,27,F,34871.02,147950.06
Filip Ubanks,RS,59,M,35017.14,20696.19
Cthrine Ramsbotham,PA,64,M,10653.65,60874.98
Vonnie Napper,MA,70,F,47996.4,168090.5
Drusy Archell,RN,33,F,33422.35,70589.99
Lily Danbury,RR,67,F,37418.01,21145.79
Garv Dartan,AL,49,F,43048.36,63188.87
Laverna Jeeves,RN,24,M,31934.13,134273.26
Daune Beadnall,RO,23,F,29369.98,195685.81
Donall Grattage,MA,33,F,5549.6,145987.83
Matthias Bansal,MS,63,F,41234.19,187721.78
Fionna Tidbury,MS,46,F,32072.2,117951.56
Chic Budibent,CE,70,F,29812.75,122367.31
Brien Swidenbank,CE,29,M,24580.47,148750.3
Neddy Thacker,ES,66,F,3871.15,135224.45
Gifford Baudassi,DF,59,F,26703.92,62564.79
Raquel Ruppel,MG,45,F,37625.21,187598.15
Manfred Lott,RJ,50,M,13467.64,110705.39
Malvin Loseke,SE,53,M,17902.77,116199.09
Myrtia LLelweln,BA,62,F,39205.61,159093.08
Rhodia Silversmid,RJ,27,M,18753.86,102368.38
Reeta Sidlow,MG,58,F,42525.72,180058.28
Jonas de Clerq,MT,18,F,21767.45,22307.69
Lauraine Dummigan,SP,29,F,10125.47,20626.86
Hendrik Smythin,BA,50,M,45199.43,177668.69
Dick Whithorn,MG,68,F,2137.83,83454.69
Gibbie Monan,AC,35,M,30517.2,96609.42
Gian Blamphin,GO,22,F,46233.23,38675.01
Elsi Lyman,AM,33,M,31459.71,191568.91
Arnold Harford,AC,40,F,49788.27,187484.73
Gregorius Simla,PA,19,F,20487.35,137830.7
Shirleen Insworth,PE,62,M,31134.56,96262.52
Morganne Petherick,MG,70,M,37478.27,17799.75
Reginald Taveriner,MS,22,M,20152.93,22582.06
Alma Klicher,PA,43,F,38740.6,54532.48
Alma Demange,SP,63,F,42118.84,25765.0
Teresina Ronayne,RJ,53,M,14835.65,67601.71
Bobbi Treharne,AP,50,F,31978.87,168258.37
Gerry Betteson,RS,64,F,32048.11,134741.36
Rebekkah Kief,AP,68,F,41803.91,143801.4
Kirby Telfer,AP,45,F,31618.65,187906.64
Kacie Suermeier,CE,42,M,43780.11,45398.75
Kelbee Wallbutton,DF,57,M,36412.88,98883.18
Marget Comino,BA,49,F,5292.35,82008.82
Naomi Punyer,MG,43,M,21303.22,139288.19
Wilton Bass,SE,20,M,3986.4,192749.34
Gaelan Gerrietz,MS,37,M,26922.1,162421.73
Shaine Aspinal,PI,46,M,12697.66,122991.16
Beverie Swainston,MA,22,M,37196.04,185679.19
Eva Legate,MG,58,M,44201.18,46858.78
Zita Dalmon,RN,36,M,5537.92,33973.88
Aurelia Mathonnet,AM,24,M,4209.49,177824.75
Erasmus Sondland,MT,42,F,30769.27,92810.52
Josias Rothert,PB,18,F,40665.6,177669.88
Kori Cinnamond,PR,22,F,31618.65,1930.49
Linette Fontin,SC,70,F,27086.82,156728.06
Townsend Ickeringill,RS,64,F,46500.9,84749.98
Patrizio Rylstone,RR,48,F,38861.9,68079.17
Aurelie Swyer-Sexey,PA,24,F,35890.97,67538.13
Kaye Batrim,PR,68,F,40575.78,118529.09
Gigi Klimkowski,BA,20,F,8626.88,88460.03
Olva Koenen,AC,67,M,32163.4,186830.3
Eolanda Broseke,RS,67,F,38274.99,66299.03
Griz Fenne,GO,56,M,26770.81,60831.13
Killy Blader,TO,67,M,33864.96,54589.69
Hamel Echallier,AL,52,F,32183.91,48366.65
Lind Peele,PB,55,F,8635.35,76458.57
Jenine Porch,RJ,22,F,19736.64,38575.94
Hermina Isworth,MT,53,M,46552.9,153181.46
Andrus Phidgin,BA,18,M,20324.99,85881.11
Aurea Medway,PE,38,M,5903.32,122346.91
Liz Brisker,MA,29,F,14903.96,150760.29
Ulla Pavier,RJ,51,M,48170.3,46308.96
Cly Berringer,MS,42,M,3090.54,130407.82
Tye Monkton,RJ,26,M,33071.53,147258.86
Cindi Corley,SC,26,F,14533.88,22090.26
Corine Wilstead,GO,67,F,1483.78,119568.13
Gardy Stearn,SP,58,M,26179.37,1473.39
Candra Feaviour,RN,63,F,1383.31,44566.04
Artemis Antonazzi,RO,55,M,24631.13,61618.55
Ronny Blackburn,PR,29,M,42066.98,51878.38
Adriaens Snipe,BA,40,F,44898.81,103912.63
Inesita Hunn,PB,59,M,8498.3,98509.93
Dasha Kennaird,TO,47,F,10935.63,135626.16
Shani Gould,RO,61,F,6317.21,147885.15
Nanette Yabsley,MA,64,F,46470.89,11729.98
Muffin Rozenzweig,RO,47,M,10907.38,134442.02
Dewitt Wartonby,SP,39,F,27502.92,132106.6
Mella Camosso,PA,60,F,36598.33,99286.15
Karalynn Deveril,SC,37,F,24531.69,22577.67
Scotty Kleinsmuntz,MS,25,M,42372.77,183188.73
Prue Sholem,RN,27,F,10484.6,19106.21
Zorana Joust,GO,68,F,28568.21,76628.81
Pooh Eloi,PA,48,F,6387.55,115050.02
Aggy McOwen,RO,53,M,12129.7,190220.51
Vera Lovemore,BA,63,F,24025.78,21149.93
Spence Darlasson,PI,58,M,9159.22,75744.82
Christy Abrahams,CE,42,F,4434.43,194313.16
Alberik Woolvin,PI,61,F,34122.96,170044.73
Tiphanie Dornin,AM,54,M,19677.14,181340.31
Edy Leatherland,AP,55,F,17883.86,67570.15
Bernie Osgar,MS,30,M,12457.47,177383.2
Chloris Jenks,AP,58,F,36756.03,2361.04
Yvonne Jeduch,PB,60,F,25620.73,190958.23
Delora Meadowcroft,SC,56,F,3457.86,112739.77
Patty Seyfart,RN,46,F,20922.02,132173.26
Nealy Benjamin,ES,29,M,19457.19,143300.05
Kahlil Peagrim,AP,60,M,30346.87,164029.13
Nissie De Vere,MT,67,M,33479.72,42441.58
Delmor Gabbitas,RO,42,M,32254.21,148180.57
Steffie Edmenson,MG,20,F,35700.64,15723.78
Cassandra Hulmes,PA,31,F,30753.33,95850.04
Kalila Biswell,TO,52,F,36344.05,6480.31
Debby McGlade,SE,24,F,7492.42,83462.69
Wallie Thomke,PA,67,M,31323.88,44066.65
Bessie Eyden,RO,41,M,46739.14,182100.47
Chrisse Shapland,RR,35,M,45010.99,164464.27
Lenka Winterbottom,MT,57,F,24963.85,154411.79
Terencio Klimushev,AC,68,M,26194.18,75091.59
Dulci Lepoidevin,SP,62,M,23650.84,118432.93
Melly Jarrette,CE,70,F,23846.71,53366.27
Celestia Keely,GO,40,M,46803.34,128655.76
Alaster Ellingham,RR,52,F,21689.58,59976.44
Waylan McIlherran,MG,18,F,33783.1,120708.43
Hillie Bielfelt,AL,47,F,38150.34,129744.39
Leoline Chaudret,ES,45,M,38018.39,2526.39
Kennedy Shalliker,AL,62,M,17400.79,38952.01
Morgen Gotfrey,RO,26,F,48080.44,69815.09
Der Hinkens,RS,67,M,44088.72,45428.92
Anya Haddon,AP,19,M,6655.62,124599.53
Carissa Beslier,MT,64,F,12841.32,198528.9
Colver Drejer,MA,69,M,35415.64,189614.85
Nanni Baxster,RS,45,F,23362.51,110353.59
Lilly Stuart,MS,37,F,4188.07,23859.03
Grace Hutcheon,CE,39,F,4184.36,2634.88
Meryl McMullen,SC,22,F,18899.93,34216.09
Jany Fransinelli,MT,41,M,31248.43,106764.13
Meggy Jephcote,PI,55,F,38744.94,140985.66
Joell Tander,RN,54,M,7175.68,59993.95
Lauryn Moodie,RO,61,M,31760.37,103713.35
Earlie Hastilow,TO,49,M,20021.07,12715.61
Kory Le Sarr,RS,66,F,44553.78,23678.97
Thaxter Escalera,RO,57,M,3364.36,177894.62
Osmond O' Connell,MA,62,F,22927.39,158970.32
Maurice Nottingam,RN,40,F,36663.01,87982.37
Mariejeanne Hurlston,SC,53,F,7640.98,3512.64
Yalonda Rollett,SE,32,M,38404.14,2724.0
Tulley Izakoff,PB,33,M,41298.71,9561.29
Verge Vassano,AM,40,F,40447.86,50545.03
Ainsley Raggles,MA,56,F,6557.77,141880.85
Ilsa Lumm,PR,56,M,19820.17,10250.58
Felice McCord,DF,47,M,39250.33,185179.72
Maxie Kingscote,TO,26,F,5337.14,68203.84
Lucie Oboy,PR,66,M,14895.71,184330.04
Anastasie Scandrite,PA,62,M,5573.46,178985.29
Morganica Goodburn,RO,24,M,25165.33,81298.74
Nolan Strick,PE,53,F,2066.53,11777.02
Gordie Doerrling,GO,35,M,23761.95,80089.49
Upton Chritchlow,MS,50,F,40360.12,131419.81
Lorie Hastewell,RN,34,M,3513.23,128274.29
Audrie Fronzek,MT,40,M,6820.0,161631.72
Lemar Prozescky,RJ,29,M,4252.8,198521.17
Jefferey Latimer,AC,54,M,39521.25,3059.76
Madel Midghall,ES,49,F,7841.62,152693.33
Sherill Stodart,RO,55,F,5888.19,144335.4
Doug Linford,SP,46,M,3475.8,180104.88
Willard Christofle,RO,45,M,28912.7,127133.66
Nikos Ferri,SE,31,M,10570.56,5261.76
Carmel Jacqueminot,RO,25,F,19690.11,133034.88
Joceline Rich,AL,56,M,26468.6,83901.05
Stefano MacNeill,SP,35,F,46598.22,86125.16
Parnell Sans,DF,25,F,47076.74,44757.59
Dietrich Van de Castele,ES,28,F,31470.39,79323.5
Kara Osipenko,PE,61,M,6951.39,56585.05
Nathalia Tanswill,RJ,51,M,40368.62,187399.81
Janith Huc,AC,64,F,44557.96,35320.24
Andrey Cranfield,AC,65,F,42154.47,25638.91
Riane Danilowicz,PI,45,M,22806.03,142457.91
Yard Louiset,PB,37,F,29421.58,176500.09
Hamilton Tallowin,PE,42,F,41153.52,131589.28
Cybill Jados,BA,64,F,37376.54,70233.89
Del Swatman,MG,32,F,34633.62,8846.24
Olympe Rennicks,PI,69,M,2633.09,103098.45
Connie MacAloren,RO,67,M,17266.57,122131.45
Grant Ashbolt,PB,52,F,21014.57,124611.71
Tanney Vearnals,DF,31,M,43883.58,180599.87
Ayn Reddie,RJ,20,F,46021.29,58771.73
Renault Kohtler,MS,53,M,44408.83,35023.18
Lyda Robeson,TO,70,M,19345.73,21967.86
Ardenia Meedendorpe,PI,66,M,26083.32,165126.89
Boony Kehri,MS,40,M,11824.29,104891.1
Hermione Clelle,MA,59,F,17537.71,21844.54
Katy Swateridge,SE,53,M,35315.47,168492.38
Caressa Greenland,PA,20,M,34178.45,2091.06
Ambrosius Janiak,TO,23,F,7859.23,161842.28
Virginia Medlar,ES,19,F,18755.19,184111.72
Cody Rospars,PA,37,F,10137.3,149219.03
Lezlie Mishow,RO,41,M,9463.22,141458.66
Torrance Gann,MT,47,F,42258.62,142441.01
Orelie Mattedi,PA,34,F,42309.76,155868.29
Reinhard Cumes,BA,58,M,18749.37,44377.99
Fernandina Del Dello,MT,34,F,12723.62,79862.32
Roddy Bierman,AP,50,M,38284.63,75622.6
Lucille Ruprecht,DF,33,F,9003.51,97289.9
Correy Dain,AM,68,F,27226.88,93016.32
Paxton Wethers,ES,48,M,31855.8,73466.06
Karlene Jaze,PI,25,M,49677.14,72400.67
Hillel Birdwhistell,DF,46,F,22686.11,172072.93
Iseabal Rigby,PR,28,F,13585.62,185672.61
Claudianus Drydale,BA,24,F,43409.55,71386.77
Harris Seres,GO,48,M,2618.45,19265.18
Leone Lowson,RJ,33,F,27794.7,90731.15
Kimberli Braddick,CE,49,M,27094.44,139941.84
Henryetta Renachowski,AL,65,M,23711.95,35512.89
Ichabod Vergo,PA,29,M,4548.41,160861.12
Redford Boncore,RO,58,F,29872.68,75885.34
Nickolaus Matussov,AM,38,M,18715.74,35179.04
Casar Crick,PR,39,F,11983.68,113047.89
Adrianne Harlin,SP,59,M,3623.63,83163.69
Toni Dickey,RJ,21,F,1788.37,40684.32
Heather Fidock,PR,40,F,36864.93,160318.16
Chico Weetch,GO,48,F,38301.49,92759.42
Andrew McSparran,GO,43,F,46425.34,96084.86
Zechariah De Zamudio,MS,43,F,17873.13,116093.95
Sonnie Ayliffe,MG,56,F,3091.64,52811.2
Martita Pople,PA,62,M,42505.57,19813.41
Korella Nottram,PA,37,M,28356.79,90299.94
Piggy de Bullion,RJ,29,F,34241.62,50949.94
Binni Couvert,RR,65,M,5205.05,124013.19
Adore Cockroft,PI,66,F,26705.01,65200.58
Sarena Blacksland,TO,70,M,39158.26,78723.92
Charlena Surgood,AP,69,M,36427.88,168789.23
Lorna Kordt,RS,55,M,44215.32,82475.67
Jesselyn Lambrook,PR,47,M,44110.65,132581.76
Koo Hencke,PE,51,F,17068.49,34092.85
Daniele Blacklock,ES,30,F,26560.93,52593.14
Claudette Emm,RR,46,M,8224.61,116543.18
Maribelle Serrurier,AL,45,M,2736.37,55847.0
Nanette Cornels,AP,44,M,5706.0,26170.5
Sylas Chisolm,SP,36,M,11798.5,190426.16
Milissent Suermeiers,MG,37,M,22218.4,68400.42
Garry Ollivier,ES,61,F,25644.42,53824.54
Nikola Borrow,MT,47,F,2999.87,177163.41
Esra Daybell,GO,39,F,20066.01,125072.81
Maggee O'Crevan,PA,24,F,12291.18,29383.43
Lucky Swindon,RR,35,M,29004.55,53097.15
Emiline Curton,BA,65,M,37601.77,196023.31
Frasquito Delort,DF,36,M,2106.7,30927.94
Bowie Cejka,RS,27,M,44434.03,146996.48
Ricoriki Johnston,AC,65,F,28861.52,169713.6
Alva Gwyther,MG,41,M,9263.62,199158.19
Danya Fray,PE,36,F,23206.81,117325.19
Kristina Braddon,RN,57,M,34518.08,150935.13
Philipa Castelot,GO,45,M,17653.74,1395.05
Janeta Nelthropp,RN,41,F,17742.9,58802.32
Stacy Mc Mechan,MS,46,F,28721.12,45598.9
Carly Jewis,MS,49,M,44697.32,192833.16
Valry Steels,PB,19,M,19870.07,10457.1
Sabra Veldens,AM,54,M,37630.81,173836.29
Craggie Credland,AM,47,M,29994.97,16185.32
Deeann Osgood,PB,30,M,11887.61,99360.39
Pascale Winpenny,SE,50,M,37164.28,64771.84
Abbey Camelia,MG,44,F,6974.74,49878.47
Hersch Healing,RN,62,M,10308.79,187285.07
Talya Fidelus,SE,51,F,10623.83,149192.59
Roderich Geere,MT,56,M,35193.13,92447.28
Jacquetta Gomme,AM,26,F,48451.65,124343.47
Shurlock Aitkin,AP,54,F,44459.16,8674.77
Gussie Barajas,PI,61,F,41835.32,48409.25
Franciska Maciaszczyk,MT,63,F,32871.09,28889.82
Dar Livingston,DF,32,M,14587.79,5493.4
Pammi Biggans,DF,68,M,49510.57,84963.65
Olympie Duddle,RS,57,F,1943.99,146114.1
Gracia Dunbleton,PA,24,F,16060.26,66446.01
Cathrin Coppo,MS,51,F,30318.75,148371.72
Micah Tracy,MS,22,F,15630.83,146338.29
Kanya Swyndley,AL,29,F,42525.62,60912.54
Joete St Quenin,RO,19,F,17382.63,9704.54
Darren Defrain,ES,60,M,18149.59,9674.11
Brinn Jozefiak,TO,31,F,6659.64,25497.84
Norean Gallihawk,RS,56,M,41860.11,48357.98
Charmion Mackilpatrick,MG,52,F,30843.39,111650.92
Matthieu Nulty,AP,27,F,21596.83,125711.97
Noemi Saddington,MS,38,F,32428.24,10799.4
Averell McTrustram,MT,65,F,21616.06,95902.72
Joel Coldtart,AL,64,F,35899.03,129556.02
Marie-jeanne Andrea,SC,48,F,3795.35,24374.01
Waldon Janny,MG,27,M,45506.13,123056.17
Calla Bevens,SP,59,M,28699.59,52564.78
Gerard Ilive,CE,60,M,16968.4,137271.42
Effie Harral,SE,39,F,35407.36,90642.57
Chadwick Aitkenhead,CE,20,M,43033.24,40573.59
Lura Karpeev,CE,57,F,31635.16,126668.62
Dorisa Leaver,SC,18,F,38660.69,137887.79
Renard Baack,PE,25,M,13201.73,139999.57
Freida Wallentin,MA,66,M,47008.97,110236.42
Brittne Coning,GO,35,M,33350.74,74205.99
Padget Bowhey,PB,28,M,2662.69,60777.96
Burnaby Harewood,ES,24,F,27387.73,26895.31
Emmaline Williamson,ES,20,M,25592.28,50940.71
Ellene Cartmail,SP,38,M,47880.57,42693.69
Carrissa Ewington,RR,24,M,37365.92,82721.95
Anita Gronaller,MG,55,F,14619.58,17740.79
Pattie Cutchie,SC,20,M,35824.91,111860.25
Glenda Vampouille,DF,26,M,42105.45,161255.94
Jodi Norcliff,AC,30,M,41285.2,151194.94
Klemens Barkes,RJ,25,M,6625.72,57981.11
Georgie Dabney,CE,65,M,5561.99,87403.83
Bobette Feechum,RJ,61,F,12720.58,89493.71
Hendrika Devonish,AC,30,M,12634.23,151094.65
Kain Brightwell,AM,37,M,30004.24,136962.46
Ebenezer Maffioni,BA,35,F,13324.52,101621.16
Jonell MacCulloch,AM,26,F,7160.58,76189.75
Beth Allonby,RR,47,M,32093.79,59303.56
Blake Warin,PA,44,F,2946.92,196731.47
Chuck Doolan,RO,68,M,47945.26,92663.76
Bobina Elt,AC,31,F,22910.48,83767.58
Gayla Del Dello,RR,25,F,21788.84,114857.56
Tonie Schulter,MS,20,M,22721.86,146298.44
Doralyn Froud,SC,39,M,46675.52,60292.94
Adiana Serchwell,BA,38,F,39929.93,94400.76
Monroe Prester,PA,19,M,27471.01,76266.03
Harper Kleinhaus,SC,34,F,3296.39,2552.55
Sibbie Patrie,ES,45,F,19956.73,197929.87
Stanislas Rawlence,PI,19,M,44556.42,198933.64
Dorette Simounet,PE,61,M,20533.9,9864.76
Barnabe Bordes,PA,62,M,39950.87,151558.04
Sylvia Wisniowski,RO,65,M,31258.75,187622.46
Jodee Cunnah,TO,50,M,12348.66,130659.45
Pamela Herety,MS,28,M,28438.9,2727.34
Marthena Charpin,AP,38,F,27900.37,192530.42
Carmela Braban,RR,31,M,4918.96,28327.0
Arnuad Vaen,AM,50,F,43890.43,190178.73
Marji Darter,RO,34,F,7553.04,19925.88
Eamon Webber,TO,39,M,29721.78,151050.25
Joellyn Brocket,MG,39,M,44246.53,50659.97
Dallis Flasby,RO,25,M,9586.94,21243.23
Bibbie Scarfe,PE,22,M,46421.21,41932.07
Celestyna Goldstone,PR,56,M,12733.01,100514.66
Andriette Timmes,AM,47,F,10252.75,162400.75
Maude Tringham,AL,63,F,1242.34,98148.11
Teador Elger,RJ,22,F,11661.24,175356.72
Bonita Andrysiak,PR,54,M,42044.13,66882.46
Ulrike Torbett,GO,56,F,45790.62,35513.84
Demeter Beake,TO,56,M,48921.76,81854.64
Borden McCray,RR,40,F,11790.44,146035.64
Jerri Bricknell,AP,26,M,22518.72,191910.51
Jamesy Ingerman,BA,36,M,43890.53,153764.19
Johnette Loble,RN,26,F,5037.9,14235.2
Cord Piddocke,SP,40,F,37407.03,7562.14
Carling Vasiltsov,PE,70,M,9078.05,168316.61
Bobine Myall,RJ,36,M,6068.32,193058.25
Claus Berkeley,DF,31,M,12713.68,41616.52
Fee Borrott,PB,57,M,25520.77,183791.53
Sadye Sneddon,PI,58,F,9017.49,59153.07
Konstanze Hullyer,GO,19,F,27705.75,107141.76
Sidoney Henningham,SE,45,F,11424.66,171507.19
Candy Marsy,RN,62,M,41743.33,32134.82
Nora Colthurst,MT,28,F,6982.26,105757.1
Crista Shorbrook,ES,41,F,22022.91,140379.31
Briano Cass,CE,49,F,10519.14,33293.39
Arvy O'Hannen,PI,27,F,46148.41,131827.4
Dalston Ertelt,AP,26,M,18801.81,113864.36
Rodi Glazer,RJ,39,M,13500.11,192596.12
Adolf Jekyll,BA,63,F,40129.48,75134.82
Davis Ternault,PR,26,F,33777.62,13743.68
Dalli Worden,SP,55,F,3849.38,24741.21
Jakob Calbrathe,PB,30,F,25867.56,32015.86
Laraine Vallantine,AC,30,M,25005.09,76734.87
Fanechka Shelmerdine,SP,53,F,13482.26,162206.02
Cally Goundrill,RO,62,F,48167.59,48691.95
Sigismondo Richardt,PI,48,F,9919.33,34573.96
Danella Ebertz,AC,43,F,25853.9,7080.55
Francesco McCreary,AL,67,F,2700.47,155796.84
Luciana Sainteau,AM,37,M,49682.75,187596.15
Gwenore Goede,PI,57,M,24778.38,146731.46
Derwin Pencost,PA,30,F,5986.99,156253.51
Coreen Perri,RN,62,F,34749.64,104894.44
Bobine Breeze,RO,58,F,32900.24,16709.75
Charlena Garci,RS,19,F,14949.83,79952.25
Kristina Garritley,GO,19,M,45732.7,5088.96
Nahum Brotherhead,DF,68,F,45564.35,105903.72
Earle Drewes,AM,55,F,3655.93,26664.4
Drucie Warrack,PI,69,F,18250.01,59358.77
Dari Frederick,PB,50,F,13541.46,128783.87
Pammy Scarlett,MA,54,M,9912.56,1171.73
Erna Bellefant,PB,34,M,44241.71,46594.83
Jenn Swinden,SC,51,M,15240.63,26915.32
Garnet Fawcus,CE,34,M,13687.61,134895.77
Ingemar Aitken,RR,42,F,28026.13,84164.35
Paul Balderson,PI,35,M,33776.14,4006.54
Myrvyn Esilmon,DF,18,F,33369.22,69537.4
Billy Giacomucci,PA,48,M,33497.27,38788.39
Antin Allebone,AP,28,M,5993.34,32135.12
Karina Pym,SE,55,M,24999.9,103339.21
Cortney Eskriett,RJ,30,M,7040.51,10584.83
Dalila Biasetti,DF,45,F,11874.79,95892.68
Merle Lant,SP,42,M,39877.42,185935.82
Austen Lehrmann,MG,63,F,7619.28,127441.66
Bertina Pavyer,PA,37,F,11415.64,173140.02
Byram Donnel,RO,32,F,37200.29,57423.31
Brody Saddleton,SP,52,M,30883.47,148595.33
Cathe Deniso,RJ,41,F,13848.1,49743.81
Elnar Dutteridge,RR,41,F,3256.87,185467.47
Marsh Filipov,AM,47,F,5789.03,11911.14
Cheri Leacy,PR,44,M,13812.82,56002.32
Gayleen MacSkeagan,TO,24,M,5746.25,176660.95
Kip Ranking,MG,54,M,13236.23,163709.11
Haleigh Sleany,AL,32,M,1994.29,189932.73
Haily Palfery,SP,33,F,8459.73,187703.91
Darnall McVitty,MA,43,F,3597.54,75318.06
Norine Rooney,TO,68,M,18209.84,176311.07
Elva Kenshole,PB,33,F,5614.85,67240.73
Madalena Aylmore,RN,34,F,43283.72,36434.09
Liz Greed,BA,32,F,47802.89,149213.73
Dalli Crowd,SC,52,F,20462.17,123179.45
Ardath Erik,TO,33,F,11300.76,4662.04
Pauline Copperwaite,PR,36,M,10500.08,104483.74
Chantalle Pincked,RS,57,M,14875.23,2468.47
Norry Cake,SC,67,M,34931.84,60209.18
Cherianne Daborn,MA,49,F,25508.44,111388.19
Cristal Hackley,ES,43,F,36685.82,22852.15
Godiva Vuitte,MA,64,M,13502.82,33792.27
Dre Fullilove,BA,66,M,27933.32,27239.34
Tammara Tipple,GO,35,M,12937.03,101157.97
Birgitta Wheater,DF,37,M,39629.89,70440.31
Tonya Tuft,DF,49,F,29641.27,7252.22
Brande Proswell,PI,49,F,8568.99,176634.77
Beverlee Shepard,RR,63,M,5860.07,125069.6
Coralie Jelfs,PR,19,F,29487.33,115711.11
Conny Negal,DF,30,M,40592.39,92608.27
Davide Itzhayek,MG,54,F,45172.81,101479.19
